XFBWRm,2100013,1.9
NizJi,2100822,2.2
uanPyLfg,2100402,4.4
Gucme,2100521,3.7
ySiSvZ,2100428,1.2
ldkCpkvCx,2100769,3.0
AEeikcR,2100051,3.7
TkGcMfdT,2100696,3.1
KdOkQcnV,2100660,2.0
CEZSMdvQ,2100119,3.1
srOAeOTl,2100368,2.6
PvaETaPD,2100578,3.9
PKQliSlv,2100106,1.7
hSlsFYX,2100244,1.5
AIyDCj,2100041,3.1
XdtQIEI,2100254,4.5
xaBblHBA,2100874,2.6
qRWAs,2100569,2.8
mwJgfVF,2100528,3.8
PeRWtgjRU,2100294,3.8
qQahayj,2100842,1.1
hsrEjNWAK,2100635,2.6
EjFlKuBIEm,2100348,2.7
zgAqgEH,2100737,3.9
ZzfMUut,2100564,1.2
tfQzOn,2100658,1.9
DTDoXhe,2100934,3.9
VswjB,2100926,3.7
XWLpSLE,2100608,2.9
RUKMLsazBM,2100340,3.0
YyfWJt,2100238,2.4
XnHKe,2100776,1.7
OeArBniNsO,2100576,4.4
dSxvuvgGX,2100105,1.2
oqypiy,2100105,1.4
mjbsqheIGB,2100260,2.1
UWupQ,2100803,1.8
aZxjelTXIj,2100374,1.9
KjhkURSZkt,2100990,2.4
xTbzBC,2100641,1.8
eZSayRS,2100394,4.1
WZdCJc,2100390,1.8
YNgCSQxd,2100047,1.4
DqWtUxsHxq,2100691,4.2
ZYPMJKcXR,2100846,4.1
AxqjgmR,2100746,2.9
EoYiPBhH,2100796,4.1
FOlnKdd,2100202,2.4
iaQnAAJ,2100739,1.7
IHbwrfNaS,2100479,1.9
xkpqevI,2100832,3.3
ZkFAL,2100527,3.9
CHjsadz,2100663,3.2
gaTbt,2100704,3.1
FKpsFnATi,2100675,3.4
DXaEJDrjV,2100649,4.3
agtXrGjzs,2100511,1.1
yBDls,2100955,3.0
cjhTgZQDy,2100132,2.5
wrrnWvbB,2100207,1.4
gdafhGiPiO,2100726,1.9
msvjL,2100632,4.4
YiIrHckkAj,2100257,3.6
yNTJDddbdi,2100471,1.8
cIiFbaS,2100721,3.6
RLLQe,2100115,4.2
RLKpYarTLl,2100327,2.5
KMsKQ,2100657,2.3
LQDDHXP,2100310,2.8
nAgRES,2100059,3.6
AYKMHbG,2100777,2.8
xfvUktcK,2100479,3.3
oWybvT,2100912,1.2
fzBie,2100241,3.3
ZTMdIS,2100040,1.8
YPRWGYCVt,2100156,2.9
oupOWRZA,2100001,4.1
neFKS,2100465,2.1
toCpElIQ,2100797,4.0
JLJLnvcMIE,2100935,2.9
AyUMA,2100188,2.4
nIHqNNMygz,2100582,1.2
iSpkB,2100511,3.9
bpgGb,2100894,3.5
kwZfQLXNXT,2100476,3.2
AeLCGuaUJ,2100831,3.4
sANnGpX,2100221,2.3
IQrlV,2100634,2.9
NoptYQcwed,2100708,3.1
UIgWLhgmuo,2100573,1.9
bbCkuhJ,2100333,3.2
AxMYGdF,2100673,3.2
eHePll,2100708,2.5
pEpUgyXpE,2100618,1.1
tSzfTCR,2100241,4.3
neAmjDqxm,2100586,1.7
XocqQnRCf,2100426,4.1
BOkdWTJd,2100890,1.8
nZgubxkrpD,2100085,1.6
xWFtX,2100057,2.6
jciDtjQl,2100138,2.6
DMACbkde,2100107,2.5
pZrDyzOeF,2100213,2.8
qSlRSDN,2100684,2.6
EpGXpza,2100723,1.8
fpnHbV,2100723,1.4
YNkiVZs,2100600,2.8
ooYspeME,2100228,3.1
aJzDRuOTXH,2100386,1.2
nFfHRXitfh,2100233,3.0
pmTjWf,2100528,1.1
OUYnlWXVPB,2100619,2.6
lkxGLeLbz,2100345,2.7
IFBeNBDhqP,2100471,3.3
XKXmWTNfwD,2100269,4.3
vnhiKdf,2100046,2.7
zZkqnk,2100604,4.2
XMuXjOfha,2100901,2.3
OyojCoBGn,2100237,2.2
kDfbzaKt,2100228,2.4
jCbAHKVPcU,2100078,1.9
ZCwGLMW,2100900,4.4
bAmvbS,2100721,3.8
QXsfp,2100127,1.1
ECHiY,2100227,3.0
zVxHLimPe,2100926,3.7
YLqLrOis,2100403,2.8
DijGtC,2100354,3.9
avJCSEMphX,2100477,1.7
ylxxmWx,2100199,4.1
gEBhNgSU,2100832,3.3
yFJpCFQDN,2100383,4.3
OdyuFeQ,2100503,1.6
jrUZwnbb,2100899,4.2
jcsFa,2100572,2.9
oTZcT,2100206,3.1
uFAMWCr,2100473,2.5
qQwnT,2100585,2.7
vHwnOfLRKa,2100665,1.3
bDxmMNsaPX,2100744,4.4
rlQmhKuQG,2100290,3.7
sspuqiFSL,2100457,1.5
Qgurwmly,2100129,1.2
EoaPsrINt,2100680,1.3
PAxXTdCnh,2100497,4.4
VInqsp,2100709,2.1
DKUeLFdyXa,2100293,2.3
ydQZulw,2100810,4.5
izxyAcc,2100476,1.3
FLoVwc,2100730,3.6
bemrPB,2100948,1.0
cbFtkjLfQZ,2100897,3.9
FdqinUd,2100030,3.9
dsdJbD,2100470,3.1
nYhWjkonwC,2100081,2.3
macvqJY,2100246,3.9
eRlbij,2100655,1.6
MsLDr,2100682,3.3
FkIowqeKtE,2100899,2.2
hMSWSuJ,2100784,3.6
Auqxgo,2100723,2.9
ToLQDbufP,2100099,2.6
Rmqus,2100850,2.4
wcNBoBFDP,2100400,1.2
xUreBPmEA,2100870,2.6
njvpXMp,2100465,4.1
OPCBjLtA,2100085,3.0
NOVMHCZz,2100380,3.5
eInQU,2100782,4.4
zopOwus,2100275,1.8
MXnijsHeqV,2100931,2.5
aDxKBASc,2100305,3.3
hqPrfXfOA,2100767,2.2
PchuUw,2100283,1.6
pGlpdhxXrQ,2100304,2.8
oMZDNA,2100567,1.1
qjHmihWjZ,2100488,1.3
RTAalKbKfp,2100734,2.1
TRYvQLw,2100082,1.0
VmLky,2100608,2.6
spuVFGjKtz,2100556,2.7
oHRUvC,2100475,1.5
XCxlk,2100067,1.4
HhsKt,2100668,3.1
QzwgegB,2100257,2.2
wmJlD,2100125,3.4
tDzVYhTQ,2100469,2.4
JsMGubJyln,2100723,3.4
QiiFrpgSAV,2100245,1.8
yieBODZE,2100440,2.2
Moqyv,2100272,2.8
WWUtNP,2100280,2.3
kASxRhZAYD,2100898,3.6
JgOHb,2100672,3.7
TFDEhl,2100047,2.4
cRQRVnT,2100448,1.9
BUacVJbDtW,2100707,2.9
ezZzjASGcV,2100670,1.4
ptFuLyraTD,2100221,2.5
jLRMCdGGma,2100994,1.9